X,Y,yaw,K,s
934.0,298.0,0.7933135653661817,0.0,0.0
983.1041357765868,347.88771241131957,0.7933135653661817,0.0,70.0
1032.2082715531735,397.77542482263914,0.7933135653661817,0.0,140.0
1081.3124073297604,447.6631372339587,0.7933135653661817,0.0,210.0
1130.4165431063473,497.5508496452783,0.7933135653661817,0.0,280.0
1179.5206788829341,547.4385620565979,0.7933135653661817,0.0,350.0
1228.6248146595208,597.3262744679174,0.7933135653661817,0.0,420.0
1277.7289504361077,647.2139868792369,0.7933135653661817,0.0,490.0
